method,split,start,last_sample,end_exclusive_estimated,n_samples,estimated_minutes,dominant_increase_metric,max_score,rtt_ms,jitter_ms,loss_rate,dns_latency_ms,http_latency_ms
baseline,train,2026-08-19 23:21:30+07:00,2026-08-20 01:00:00+07:00,2026-08-20 01:00:30+07:00,198,99.0,jitter_ms,0.6982734546705991,96.25088383838386,44.38836515151515,0.0,109.70481717171718,895.4172904040406
baseline,train,2026-08-20 03:01:00+07:00,2026-08-20 03:18:30+07:00,2026-08-20 03:19:00+07:00,36,18.0,jitter_ms,0.6987006384957645,109.35213569223986,53.989833024691364,0.0,150.00392483465606,1062.0436384479717
baseline,train,2026-08-20 15:37:30+07:00,2026-08-20 15:41:30+07:00,2026-08-20 15:42:00+07:00,9,4.5,loss_rate,0.5833823283892767,41.29722222222222,0.4296,0.1,2.888355555555555,495.23942222222223
baseline,train,2026-08-22 08:57:00+07:00,2026-08-22 09:12:00+07:00,2026-08-22 09:12:30+07:00,31,15.5,http_latency_ms,0.7125747748516629,101.68019032258064,38.77313225806451,0.0,99.98550000000002,2924.2856774193538
baseline,train,2026-08-22 09:21:30+07:00,2026-08-22 09:26:30+07:00,2026-08-22 09:27:00+07:00,11,5.5,http_latency_ms,0.6609357251557624,51.74037272727273,2.356981818181818,0.0,49.38761818181819,7834.257099999997
baseline,train,2026-08-22 09:27:30+07:00,2026-08-22 09:37:00+07:00,2026-08-22 09:37:30+07:00,20,10.0,jitter_ms,0.774859899521032,123.89125000000001,102.64667999999999,0.0,54.80711500000001,2865.4155549999987
baseline,train,2026-08-22 11:07:30+07:00,2026-08-22 11:24:30+07:00,2026-08-22 11:25:00+07:00,35,17.5,http_latency_ms,0.7621653515845238,139.07637714285715,71.80703428571428,0.007857142857142858,107.85735714285714,4853.832259999998
baseline,train,2026-08-22 20:16:30+07:00,2026-08-22 20:35:00+07:00,2026-08-22 20:35:30+07:00,38,19.0,http_latency_ms,0.5808698788067819,104.98501315789474,11.957299999999993,0.05328947368421053,108.20295263157895,1113.5118210526302
baseline,train,2026-08-22 20:36:00+07:00,2026-08-22 20:54:00+07:00,2026-08-22 20:54:30+07:00,37,18.5,http_latency_ms,0.6113162928045308,133.45726606606604,14.22132762762762,0.11178678678678679,140.28004144144148,1429.6753855855839
baseline,train,2026-08-22 20:55:00+07:00,2026-08-22 22:13:30+07:00,2026-08-22 22:14:00+07:00,158,79.0,http_latency_ms,0.6599260423116684,145.25196568213786,18.155182911392398,0.11251758087201126,153.82753853727147,1543.6865989451462
baseline,train,2026-08-23 20:18:00+07:00,2026-08-23 22:13:00+07:00,2026-08-23 22:13:30+07:00,231,115.5,http_latency_ms,0.6430140751030916,136.3707207792208,17.24448484848485,0.10627705627705628,145.41924242424244,1467.8550597402598
baseline,train,2026-08-24 11:55:30+07:00,2026-08-24 12:25:00+07:00,2026-08-24 12:25:30+07:00,60,30.0,http_latency_ms,0.6001084201040583,105.11875833333333,11.013375,0.09999999999999999,108.01247166666667,1100.682055
baseline,train,2026-08-24 16:39:00+07:00,2026-08-24 16:55:00+07:00,2026-08-24 16:55:30+07:00,33,16.5,jitter_ms,0.6886972723890169,88.31282424242426,40.76750303030303,0.0,84.76800303030303,1084.9894363636363
baseline,train,2026-08-24 16:56:00+07:00,2026-08-24 17:01:00+07:00,2026-08-24 17:01:30+07:00,11,5.5,http_latency_ms,0.6251576736860207,54.64678181818181,9.1164,0.0,54.44074545454546,1439.5605363636364
baseline,train,2026-08-24 20:17:00+07:00,2026-08-24 22:13:30+07:00,2026-08-24 22:14:00+07:00,234,117.0,http_latency_ms,0.6697203566306016,137.5225628205128,17.146655555555554,0.12286324786324784,148.66148418803422,1470.4480811965811
baseline,train,2026-08-25 06:22:00+07:00,2026-08-25 06:57:30+07:00,2026-08-25 06:58:00+07:00,72,36.0,jitter_ms,0.7870121789422854,148.65886111111112,137.33970555555555,0.0,82.08641527777779,1560.808501388889
baseline,train,2026-08-25 07:12:30+07:00,2026-08-25 07:17:00+07:00,2026-08-25 07:17:30+07:00,10,5.0,jitter_ms,0.6249228470322797,80.17,40.38665,0.0,110.30605,652.22776
baseline,train,2026-08-25 07:18:30+07:00,2026-08-25 07:21:30+07:00,2026-08-25 07:22:00+07:00,7,3.5,jitter_ms,0.569738168429249,62.33571428571428,21.061814285714284,0.0,79.29668571428572,614.6593714285715
baseline,train,2026-08-25 07:26:30+07:00,2026-08-25 07:35:00+07:00,2026-08-25 07:35:30+07:00,18,9.0,jitter_ms,0.6588296977167034,99.67916666666666,70.86661111111113,0.0,73.5222888888889,773.7500277777777
baseline,train,2026-08-25 09:43:00+07:00,2026-08-25 09:47:30+07:00,2026-08-25 09:48:00+07:00,10,5.0,dns_latency_ms,0.563062029534565,52.03269,1.49592,0.05,270.67431,501.57479
baseline,train,2026-08-25 11:53:00+07:00,2026-08-25 12:18:30+07:00,2026-08-25 12:19:00+07:00,52,26.0,http_latency_ms,0.5494082961790795,106.74439807692308,10.585578846153847,0.04567307692307691,109.78239038461538,1135.0345538461536
baseline,train,2026-08-25 20:15:00+07:00,2026-08-25 22:11:30+07:00,2026-08-25 22:12:00+07:00,234,117.0,http_latency_ms,0.6708604708129497,140.88389957264957,17.139826495726496,0.09861111111111111,148.13652393162394,1470.2420277777774
baseline,train,2026-08-26 11:53:30+07:00,2026-08-26 12:17:00+07:00,2026-08-26 12:17:30+07:00,48,24.0,http_latency_ms,0.5652941232786761,109.7265125,9.597247916666667,0.06354166666666666,110.5425125,1133.8047520833334
baseline,train,2026-08-26 20:14:00+07:00,2026-08-26 22:08:30+07:00,2026-08-26 22:09:00+07:00,230,115.0,http_latency_ms,0.6575949865898919,139.32473956521739,16.705454347826088,0.09586956521739129,148.63007913043478,1477.2120104347825
baseline,train,2026-08-26 23:18:30+07:00,2026-08-26 23:26:00+07:00,2026-08-26 23:26:30+07:00,16,8.0,jitter_ms,0.743531009860972,114.31491875,161.42099375,0.0140625,60.52624374999999,674.9603625
baseline,train,2026-08-26 23:28:30+07:00,2026-08-26 23:54:30+07:00,2026-08-26 23:55:00+07:00,53,26.5,jitter_ms,0.7525359035329301,142.2712264150943,165.23580566037737,0.0,91.00442830188679,549.2236660377358
baseline,train,2026-08-27 00:13:30+07:00,2026-08-27 00:18:00+07:00,2026-08-27 00:18:30+07:00,10,5.0,jitter_ms,0.7075682850720993,133.1825,211.84668000000002,0.0,50.17886,486.42656999999997
baseline,train,2026-08-27 00:29:00+07:00,2026-08-27 00:33:30+07:00,2026-08-27 00:34:00+07:00,10,5.0,jitter_ms,0.7115327439085277,143.4175,232.74003,0.0,54.013369999999995,536.02334
baseline,train,2026-08-27 00:35:30+07:00,2026-08-27 00:45:00+07:00,2026-08-27 00:45:30+07:00,20,10.0,jitter_ms,0.7032727973838059,91.15875,97.22331,0.0,52.826415,864.1741549999999
baseline,train,2026-08-27 00:47:30+07:00,2026-08-27 01:00:00+07:00,2026-08-27 01:00:30+07:00,26,13.0,jitter_ms,0.7562145489747049,145.61442307692306,152.34736923076923,0.0,51.99618846153846,926.801219230769
baseline,train,2026-08-27 06:39:30+07:00,2026-08-27 06:56:30+07:00,2026-08-27 06:57:00+07:00,35,17.5,jitter_ms,0.8129908595105394,231.21846285714284,251.69187142857143,0.007142857142857143,49.88876571428571,3257.608942857143
baseline,train,2026-08-27 11:42:30+07:00,2026-08-27 11:43:30+07:00,2026-08-27 11:44:00+07:00,3,1.5,http_latency_ms,0.5653012548666603,90.28683333333333,7.7379999999999995,0.075,79.3096,873.8579666666666
baseline,train,2026-08-27 11:50:30+07:00,2026-08-27 12:18:30+07:00,2026-08-27 12:19:00+07:00,57,28.5,http_latency_ms,0.5691247294756349,108.0339298245614,11.264524561403508,0.06315789473684211,108.55941754385965,1114.5744771929826
baseline,train,2026-08-27 20:12:00+07:00,2026-08-27 22:10:30+07:00,2026-08-27 22:11:00+07:00,238,119.0,http_latency_ms,0.6625825051259437,139.31723781512608,16.61693445378151,0.10115546218487394,147.78474201680672,1467.337744537815
baseline,train,2026-08-28 06:15:30+07:00,2026-08-28 06:22:30+07:00,2026-08-28 06:23:00+07:00,15,7.5,jitter_ms,0.7654804565989143,277.5733333333333,458.39553333333333,0.0,50.50087333333334,586.0965600000001
baseline,train,2026-08-28 06:25:30+07:00,2026-08-28 06:30:30+07:00,2026-08-28 06:31:00+07:00,11,5.5,jitter_ms,0.7535549038069429,181.27954545454546,358.38182727272726,0.0,68.14464545454545,784.3951727272728
baseline,train,2026-08-28 06:42:00+07:00,2026-08-28 06:47:00+07:00,2026-08-28 06:47:30+07:00,11,5.5,http_latency_ms,0.6214211024330161,53.34057272727272,4.159381818181817,0.0,50.25594545454545,1590.1535000000001
baseline,train,2026-08-28 11:49:30+07:00,2026-08-28 12:15:30+07:00,2026-08-28 12:16:00+07:00,53,26.5,http_latency_ms,0.562997218420622,106.06692830188679,10.335416981132077,0.08867924528301888,109.07309056603772,1122.7290924528304
baseline,train,2026-08-28 20:11:30+07:00,2026-08-28 22:07:00+07:00,2026-08-28 22:07:30+07:00,232,116.0,http_latency_ms,0.6464669789917642,138.56959353448275,16.768530172413794,0.0939655172413793,148.71924827586207,1471.9980534482756
baseline,train,2026-08-29 07:08:00+07:00,2026-08-29 07:15:00+07:00,2026-08-29 07:15:30+07:00,15,7.5,http_latency_ms,0.6804266130342227,54.948106666666646,6.1367,0.0,396.84610055555555,2263.995726666667
baseline,train,2026-08-29 15:08:30+07:00,2026-08-29 15:15:30+07:00,2026-08-29 15:16:00+07:00,15,7.5,http_latency_ms,0.7308019801719073,61.925,22.51102666666667,0.03333333333333333,76.57322,6203.9494466666665
baseline,train,2026-08-29 15:25:00+07:00,2026-08-29 15:34:00+07:00,2026-08-29 15:34:30+07:00,19,9.5,jitter_ms,0.757644721765941,167.36095789473688,151.20872631578948,0.0,74.56185263157897,684.2186421052633
baseline,train,2026-08-29 20:11:30+07:00,2026-08-29 22:06:30+07:00,2026-08-29 22:07:00+07:00,231,115.5,http_latency_ms,0.6388099402494679,137.41323333333332,17.574807359307364,0.09469696969696968,145.8036411255411,1469.7184173160176
baseline,train,2026-08-30 20:11:00+07:00,2026-08-30 22:04:30+07:00,2026-08-30 22:05:00+07:00,228,114.0,http_latency_ms,0.6348373575283415,137.0536859649123,17.551793859649123,0.09835526315789474,144.92469122807017,1459.9757210526316
baseline,train,2026-08-31 04:53:00+07:00,2026-08-31 05:00:00+07:00,2026-08-31 05:00:30+07:00,15,7.5,jitter_ms,0.7199147576787953,101.05333333333333,75.45999333333333,0.0,58.395379999999996,1191.48416
baseline,train,2026-08-31 05:05:00+07:00,2026-08-31 05:12:00+07:00,2026-08-31 05:12:30+07:00,15,7.5,jitter_ms,0.7268343541112213,137.23999999999998,187.74891333333332,0.0,50.86983333333333,501.85714
baseline,train,2026-08-31 05:21:00+07:00,2026-08-31 05:22:00+07:00,2026-08-31 05:22:30+07:00,3,1.5,http_latency_ms,0.5454480256750184,40.38333333333333,1.0666,0.0,53.20423333333333,1015.5440333333332
baseline,train,2026-08-31 05:23:00+07:00,2026-08-31 05:39:00+07:00,2026-08-31 05:39:30+07:00,33,16.5,jitter_ms,0.7591841196920797,124.24166666666665,169.91104545454547,0.0,50.551403030303035,756.0459757575758
baseline,train,2026-08-31 05:52:00+07:00,2026-08-31 06:01:00+07:00,2026-08-31 06:01:30+07:00,19,9.5,jitter_ms,0.7520269202439799,133.93552631578945,215.06495263157893,0.0,51.65421578947369,734.1071368421051
baseline,train,2026-08-31 06:24:00+07:00,2026-08-31 07:00:30+07:00,2026-08-31 07:01:00+07:00,74,37.0,jitter_ms,0.7717207179892026,178.64729729729729,274.2964108108108,0.0,52.088186486486485,846.5897743243243
baseline,train,2026-08-31 07:05:00+07:00,2026-08-31 07:13:30+07:00,2026-08-31 07:14:00+07:00,18,9.0,jitter_ms,0.7633044894637006,204.61111111111114,277.7462666666667,0.0,48.856300000000005,646.3456222222223
baseline,train,2026-08-31 07:17:00+07:00,2026-08-31 07:20:30+07:00,2026-08-31 07:21:00+07:00,8,4.0,http_latency_ms,0.5487714554897268,45.08125,0.6582625000000001,0.0,51.9122,1292.4396625
baseline,train,2026-08-31 07:21:30+07:00,2026-08-31 07:27:00+07:00,2026-08-31 07:27:30+07:00,12,6.0,jitter_ms,0.6895792357605429,94.85833333333333,64.53335833333333,0.0,50.964400000000005,1039.0195833333335
baseline,train,2026-08-31 07:34:30+07:00,2026-08-31 07:39:00+07:00,2026-08-31 07:39:30+07:00,10,5.0,jitter_ms,0.6561463526151661,102.24,64.91328999999999,0.0,51.51494,737.66763
baseline,train,2026-08-31 07:40:30+07:00,2026-08-31 08:57:00+07:00,2026-08-31 08:57:30+07:00,154,77.0,jitter_ms,0.8251826580304059,223.62165187590185,327.99006911976915,0.022727272727272728,53.01464372294372,1991.2085509018752
baseline,train,2026-08-31 08:58:00+07:00,2026-08-31 09:22:00+07:00,2026-08-31 09:22:30+07:00,49,24.5,jitter_ms,0.8257411542384044,266.4397530612245,443.04105306122443,0.06122448979591836,168.25317551020407,8468.623091836735
baseline,train,2026-08-31 11:46:30+07:00,2026-08-31 12:12:00+07:00,2026-08-31 12:12:30+07:00,52,26.0,http_latency_ms,0.5788209608613587,105.01050576923079,10.019634615384614,0.0875,110.30610961538461,1125.837182692307
baseline,train,2026-08-31 20:09:00+07:00,2026-08-31 22:05:00+07:00,2026-08-31 22:05:30+07:00,233,116.5,http_latency_ms,0.6730829423833905,141.5338356223176,17.990792274678114,0.1159871244635193,149.33222103004292,1482.2143755364802
baseline,train,2026-09-01 11:48:00+07:00,2026-09-01 12:12:30+07:00,2026-09-01 12:13:00+07:00,50,25.0,http_latency_ms,0.5682502608160502,106.068178,13.130302000000002,0.0655,111.37168000000001,1133.252888
baseline,train,2026-09-01 12:17:30+07:00,2026-09-01 12:22:30+07:00,2026-09-01 12:23:00+07:00,11,5.5,http_latency_ms,0.5856855132273201,78.2127090909091,4.670327272727273,0.1,76.19905454545454,796.2154818181818
baseline,train,2026-09-01 20:09:00+07:00,2026-09-01 22:04:30+07:00,2026-09-01 22:05:00+07:00,232,116.0,http_latency_ms,0.6776129561288583,141.3713952586207,16.668665086206897,0.10581896551724138,148.57142284482757,1479.9170594827588
baseline,test,2026-09-02 11:41:00+07:00,2026-09-02 11:44:30+07:00,2026-09-02 11:45:00+07:00,8,4.0,http_latency_ms,0.5665891006413297,87.4170625,7.871787500000001,0.075,85.86355,919.3342875000001
baseline,test,2026-09-02 11:46:30+07:00,2026-09-02 12:10:00+07:00,2026-09-02 12:10:30+07:00,48,24.0,http_latency_ms,0.5606955588266103,106.01655833333332,10.380333333333333,0.06510416666666667,112.365325,1132.52864375
baseline,test,2026-09-02 20:08:00+07:00,2026-09-02 22:05:00+07:00,2026-09-02 22:05:30+07:00,235,117.5,http_latency_ms,0.6766289337798467,141.8768455319149,17.597288936170216,0.10829787234042551,148.5671740425532,1477.6112727659577
baseline,test,2026-09-03 11:43:00+07:00,2026-09-03 12:15:30+07:00,2026-09-03 12:16:00+07:00,66,33.0,http_latency_ms,0.5680370858322293,102.92236666666668,11.061278787878788,0.07121212121212121,107.0580893939394,1083.100409090909
baseline,test,2026-09-03 20:07:30+07:00,2026-09-03 22:03:00+07:00,2026-09-03 22:03:30+07:00,232,116.0,http_latency_ms,0.6446852806910163,139.61853706896554,16.471029741379308,0.09956896551724138,149.31045129310343,1475.7844327586208
baseline,test,2026-09-04 11:43:30+07:00,2026-09-04 12:10:00+07:00,2026-09-04 12:10:30+07:00,54,27.0,http_latency_ms,0.5577103706384328,104.18985185185186,10.265077777777778,0.06064814814814813,110.08361851851853,1114.2307092592591
baseline,test,2026-09-04 20:07:00+07:00,2026-09-04 22:02:30+07:00,2026-09-04 22:03:00+07:00,232,116.0,http_latency_ms,0.6788536609609659,139.3548754310345,17.938741379310347,0.09956896551724138,149.53589525862066,1482.6940724137933
baseline,test,2026-09-05 20:06:30+07:00,2026-09-05 22:01:30+07:00,2026-09-05 22:02:00+07:00,231,115.5,http_latency_ms,0.6362542899400282,135.95784285714288,15.477905194805194,0.10919913419913417,144.0242025974026,1462.0597082251084
baseline,test,2026-09-06 20:06:00+07:00,2026-09-06 22:00:30+07:00,2026-09-06 22:01:00+07:00,230,115.0,http_latency_ms,0.6528282679761239,137.93746304347823,17.537935217391308,0.09771739130434781,145.0021686956522,1466.3140230434783
baseline,test,2026-09-07 11:42:30+07:00,2026-09-07 12:09:30+07:00,2026-09-07 12:10:00+07:00,55,27.5,http_latency_ms,0.5532112067805349,103.16972909090907,11.109409090909091,0.05318181818181818,109.06858545454544,1134.1511581818183
baseline,test,2026-09-07 20:05:00+07:00,2026-09-07 22:00:00+07:00,2026-09-07 22:00:30+07:00,231,115.5,http_latency_ms,0.6675194432828416,141.09334285714286,17.19105887445887,0.11796536796536798,149.23038441558444,1480.4962606060606
isolation_forest,train,2026-08-19 23:22:00+07:00,2026-08-19 23:34:30+07:00,2026-08-19 23:35:00+07:00,26,13.0,jitter_ms,0.6982734546705991,105.48365384615384,46.05511923076923,0.0,170.79844999999997,1562.9397730769233
isolation_forest,train,2026-08-19 23:38:30+07:00,2026-08-19 23:42:30+07:00,2026-08-19 23:43:00+07:00,9,4.5,jitter_ms,0.6140898025542704,106.83333333333333,58.255633333333336,0.0,107.71477777777778,829.0815666666666
isolation_forest,train,2026-08-20 00:00:00+07:00,2026-08-20 00:09:30+07:00,2026-08-20 00:10:00+07:00,20,10.0,jitter_ms,0.6354888576042804,91.9025,57.32828000000001,0.0,105.92004499999999,810.5267200000001
isolation_forest,train,2026-08-20 00:12:00+07:00,2026-08-20 00:37:00+07:00,2026-08-20 00:37:30+07:00,51,25.5,jitter_ms,0.6271503610291868,93.16372549019607,37.892825490196074,0.0,97.5513,755.4340215686275
isolation_forest,train,2026-08-20 00:43:00+07:00,2026-08-20 00:56:30+07:00,2026-08-20 00:57:00+07:00,28,14.0,jitter_ms,0.6355044605126241,100.16785714285717,47.84040714285714,0.0,101.38392499999998,805.9892892857143
isolation_forest,train,2026-08-20 03:01:00+07:00,2026-08-20 03:18:30+07:00,2026-08-20 03:19:00+07:00,36,18.0,jitter_ms,0.6987006384957645,109.35213569223986,53.989833024691364,0.0,150.00392483465606,1062.0436384479717
isolation_forest,train,2026-08-22 08:57:00+07:00,2026-08-22 09:02:00+07:00,2026-08-22 09:02:30+07:00,11,5.5,http_latency_ms,0.6918063667754664,85.3113909090909,27.295900000000003,0.0,87.88610909090909,2560.152463636364
isolation_forest,train,2026-08-22 09:03:00+07:00,2026-08-22 09:10:30+07:00,2026-08-22 09:11:00+07:00,16,8.0,http_latency_ms,0.7125747748516629,114.3875,49.3312875,0.0,106.49253125,3658.2468249999997
isolation_forest,train,2026-08-22 09:21:30+07:00,2026-08-22 09:26:30+07:00,2026-08-22 09:27:00+07:00,11,5.5,http_latency_ms,0.6609357251557624,51.74037272727273,2.356981818181818,0.0,49.38761818181819,7834.257099999997
isolation_forest,train,2026-08-22 09:27:30+07:00,2026-08-22 09:37:00+07:00,2026-08-22 09:37:30+07:00,20,10.0,jitter_ms,0.774859899521032,123.89125000000001,102.64667999999999,0.0,54.80711500000001,2865.4155549999987
isolation_forest,train,2026-08-22 11:07:30+07:00,2026-08-22 11:23:30+07:00,2026-08-22 11:24:00+07:00,33,16.5,http_latency_ms,0.7621653515845238,144.65571515151515,76.06268181818182,0.008333333333333333,111.69570909090908,4999.528709090908
isolation_forest,train,2026-08-22 21:04:30+07:00,2026-08-22 21:22:00+07:00,2026-08-22 21:22:30+07:00,36,18.0,http_latency_ms,0.6599260423116684,171.24062777777783,24.141138888888882,0.18680555555555556,183.47255277777776,1834.5281388888875
isolation_forest,train,2026-08-22 21:27:30+07:00,2026-08-22 21:28:30+07:00,2026-08-22 21:29:00+07:00,3,1.5,http_latency_ms,0.6082184700356585,164.1532,18.76283333333333,0.05000000000000001,175.08603333333335,1766.2293999999983
isolation_forest,train,2026-08-22 21:32:00+07:00,2026-08-22 21:33:00+07:00,2026-08-22 21:33:30+07:00,3,1.5,http_latency_ms,0.6072374659214018,161.30223333333333,19.197299999999995,0.17499999999999996,170.2639,1698.2894333333318
isolation_forest,train,2026-08-22 21:35:00+07:00,2026-08-22 21:36:30+07:00,2026-08-22 21:37:00+07:00,4,2.0,http_latency_ms,0.6066561239868774,155.218775,21.179824999999994,0.05,163.0869,1640.4010999999987
isolation_forest,train,2026-08-23 20:56:00+07:00,2026-08-23 21:03:00+07:00,2026-08-23 21:03:30+07:00,15,7.5,http_latency_ms,0.6247001925874981,162.72409333333331,14.318913333333334,0.18333333333333338,171.07838666666666,1717.79018
isolation_forest,train,2026-08-23 21:04:00+07:00,2026-08-23 21:23:30+07:00,2026-08-23 21:24:00+07:00,40,20.0,http_latency_ms,0.6430140751030916,171.17212,21.203802500000002,0.11000000000000001,182.781725,1847.0208925000002
isolation_forest,train,2026-08-23 21:32:00+07:00,2026-08-23 21:33:00+07:00,2026-08-23 21:33:30+07:00,3,1.5,http_latency_ms,0.6277578531869047,156.01149999999998,22.88743333333333,0.18333333333333335,172.90166666666667,1675.1587
isolation_forest,train,2026-08-23 21:37:00+07:00,2026-08-23 21:42:30+07:00,2026-08-23 21:43:00+07:00,12,6.0,jitter_ms,0.632863653845146,148.25175833333333,26.047308333333334,0.16041666666666668,157.14085,1575.430975
isolation_forest,train,2026-08-24 16:39:00+07:00,2026-08-24 16:45:30+07:00,2026-08-24 16:46:00+07:00,14,7.0,jitter_ms,0.6471670438418904,87.74451428571429,53.99955714285715,0.0,60.48712857142857,990.1072642857143
isolation_forest,train,2026-08-24 16:47:30+07:00,2026-08-24 16:55:00+07:00,2026-08-24 16:55:30+07:00,16,8.0,jitter_ms,0.6886972723890169,94.4921875,34.087537499999996,0.0,110.40287500000001,1165.8715937499999
isolation_forest,train,2026-08-24 16:56:30+07:00,2026-08-24 16:58:30+07:00,2026-08-24 16:59:00+07:00,5,2.5,http_latency_ms,0.6251576736860207,58.6742,14.1709,0.0,57.11112000000001,1558.38158
isolation_forest,train,2026-08-24 20:46:30+07:00,2026-08-24 20:51:00+07:00,2026-08-24 20:51:30+07:00,10,5.0,http_latency_ms,0.6337046849094633,148.57922000000002,16.3292,0.205,155.69134000000003,1565.38713
isolation_forest,train,2026-08-24 20:55:00+07:00,2026-08-24 20:56:00+07:00,2026-08-24 20:56:30+07:00,3,1.5,http_latency_ms,0.6042199055985484,158.24660000000003,26.1206,0.10833333333333334,171.00273333333334,1705.673
isolation_forest,train,2026-08-24 21:03:30+07:00,2026-08-24 21:20:30+07:00,2026-08-24 21:21:00+07:00,35,17.5,http_latency_ms,0.6697203566306016,173.6469285714286,21.59599714285714,0.18857142857142856,188.94474,1846.4232457142857
isolation_forest,train,2026-08-24 21:21:30+07:00,2026-08-24 21:23:00+07:00,2026-08-24 21:23:30+07:00,4,2.0,http_latency_ms,0.6156540612144153,163.11077500000002,21.007725,0.15625,187.11624999999998,1764.6222500000001
isolation_forest,train,2026-08-24 21:24:30+07:00,2026-08-24 21:31:30+07:00,2026-08-24 21:32:00+07:00,15,7.5,http_latency_ms,0.6269070053108805,159.42265333333336,23.770913333333333,0.155,181.0357533333333,1785.24768
isolation_forest,train,2026-08-24 21:36:00+07:00,2026-08-24 21:38:30+07:00,2026-08-24 21:39:00+07:00,6,3.0,http_latency_ms,0.6128413544471177,147.84398333333334,22.146166666666662,0.1416666666666667,163.20444999999998,1596.7257166666668
isolation_forest,train,2026-08-24 21:43:00+07:00,2026-08-24 21:44:30+07:00,2026-08-24 21:45:00+07:00,4,2.0,http_latency_ms,0.6212394337691917,136.63842499999998,15.975899999999998,0.19374999999999998,149.12195,1460.90705
isolation_forest,train,2026-08-25 06:22:00+07:00,2026-08-25 06:57:30+07:00,2026-08-25 06:58:00+07:00,72,36.0,jitter_ms,0.7870121789422854,148.65886111111112,137.33970555555555,0.0,82.08641527777779,1560.808501388889
isolation_forest,train,2026-08-25 07:12:30+07:00,2026-08-25 07:17:00+07:00,2026-08-25 07:17:30+07:00,10,5.0,jitter_ms,0.6249228470322797,80.17,40.38665,0.0,110.30605,652.22776
isolation_forest,train,2026-08-25 07:26:30+07:00,2026-08-25 07:32:30+07:00,2026-08-25 07:33:00+07:00,13,6.5,jitter_ms,0.6588296977167034,108.4403846153846,81.22045384615384,0.0,71.45916923076922,832.2160153846154
isolation_forest,train,2026-08-25 20:53:00+07:00,2026-08-25 20:55:00+07:00,2026-08-25 20:55:30+07:00,5,2.5,http_latency_ms,0.6149729978047611,161.48791999999997,24.701659999999997,0.05,170.89874,1689.819
isolation_forest,train,2026-08-25 20:58:30+07:00,2026-08-25 21:24:30+07:00,2026-08-25 21:25:00+07:00,53,26.5,http_latency_ms,0.6708604708129497,172.13930188679248,24.919037735849052,0.14528301886792455,185.87008113207548,1830.9159188679248
isolation_forest,train,2026-08-25 21:32:00+07:00,2026-08-25 21:33:00+07:00,2026-08-25 21:33:30+07:00,3,1.5,http_latency_ms,0.6326948399191697,164.0675666666667,16.708199999999998,0.17500000000000002,168.69966666666667,1684.9954333333335
isolation_forest,train,2026-08-26 20:49:00+07:00,2026-08-26 20:53:30+07:00,2026-08-26 20:54:00+07:00,10,5.0,http_latency_ms,0.630218300067622,157.79882000000003,18.582810000000002,0.195,167.38572000000002,1649.71767
isolation_forest,train,2026-08-26 21:01:00+07:00,2026-08-26 21:24:00+07:00,2026-08-26 21:24:30+07:00,47,23.5,http_latency_ms,0.6575949865898919,170.82020212765957,23.82430212765957,0.13351063829787235,187.3008659574468,1831.1725510638294
isolation_forest,train,2026-08-26 21:29:30+07:00,2026-08-26 21:34:00+07:00,2026-08-26 21:34:30+07:00,10,5.0,http_latency_ms,0.6351279540700702,155.46652999999998,17.66091,0.195,164.7135,1664.5366900000001
isolation_forest,train,2026-08-26 23:20:00+07:00,2026-08-26 23:26:00+07:00,2026-08-26 23:26:30+07:00,13,6.5,jitter_ms,0.743531009860972,125.08600000000001,192.7353,0.01153846153846154,62.7974,718.9611230769232
isolation_forest,train,2026-08-26 23:28:30+07:00,2026-08-26 23:54:30+07:00,2026-08-26 23:55:00+07:00,53,26.5,jitter_ms,0.7525359035329301,142.2712264150943,165.23580566037737,0.0,91.00442830188679,549.2236660377358
isolation_forest,train,2026-08-27 00:13:30+07:00,2026-08-27 00:18:00+07:00,2026-08-27 00:18:30+07:00,10,5.0,jitter_ms,0.7075682850720993,133.1825,211.84668000000002,0.0,50.17886,486.42656999999997
isolation_forest,train,2026-08-27 00:29:00+07:00,2026-08-27 00:33:30+07:00,2026-08-27 00:34:00+07:00,10,5.0,jitter_ms,0.7115327439085277,143.4175,232.74003,0.0,54.013369999999995,536.02334
isolation_forest,train,2026-08-27 00:35:30+07:00,2026-08-27 00:40:00+07:00,2026-08-27 00:40:30+07:00,10,5.0,jitter_ms,0.7032727973838059,127.82000000000001,193.74997,0.0,51.534090000000006,548.73729
isolation_forest,train,2026-08-27 00:47:30+07:00,2026-08-27 01:00:00+07:00,2026-08-27 01:00:30+07:00,26,13.0,jitter_ms,0.7562145489747049,145.61442307692306,152.34736923076923,0.0,51.99618846153846,926.801219230769
isolation_forest,train,2026-08-27 06:39:30+07:00,2026-08-27 06:56:30+07:00,2026-08-27 06:57:00+07:00,35,17.5,jitter_ms,0.8129908595105394,231.21846285714284,251.69187142857143,0.007142857142857143,49.88876571428571,3257.608942857143
isolation_forest,train,2026-08-27 20:55:30+07:00,2026-08-27 21:22:00+07:00,2026-08-27 21:22:30+07:00,54,27.0,http_latency_ms,0.6625825051259437,174.9291351851852,22.28060925925926,0.12407407407407407,186.26437962962967,1847.2650833333332
isolation_forest,train,2026-08-27 21:26:30+07:00,2026-08-27 21:30:30+07:00,2026-08-27 21:31:00+07:00,9,4.5,http_latency_ms,0.6250028365846931,158.6025,17.242944444444447,0.17777777777777776,171.97455555555555,1691.8330888888888
isolation_forest,train,2026-08-27 21:33:00+07:00,2026-08-27 21:34:00+07:00,2026-08-27 21:34:30+07:00,3,1.5,http_latency_ms,0.6231387491700348,149.9023,21.017366666666668,0.18333333333333335,162.24103333333335,1630.0511333333334
isolation_forest,train,2026-08-28 06:15:30+07:00,2026-08-28 06:22:30+07:00,2026-08-28 06:23:00+07:00,15,7.5,jitter_ms,0.7654804565989143,277.5733333333333,458.39553333333333,0.0,50.50087333333334,586.0965600000001
isolation_forest,train,2026-08-28 06:25:30+07:00,2026-08-28 06:30:30+07:00,2026-08-28 06:31:00+07:00,11,5.5,jitter_ms,0.7535549038069429,181.27954545454546,358.38182727272726,0.0,68.14464545454545,784.3951727272728
isolation_forest,train,2026-08-28 06:42:30+07:00,2026-08-28 06:43:30+07:00,2026-08-28 06:44:00+07:00,3,1.5,http_latency_ms,0.6214211024330161,57.72596666666667,8.479866666666666,0.0,51.42946666666668,1755.119633333333
isolation_forest,train,2026-08-28 20:55:30+07:00,2026-08-28 20:57:00+07:00,2026-08-28 20:57:30+07:00,4,2.0,http_latency_ms,0.6088552233270577,166.45732500000003,24.321800000000003,0.05625000000000001,178.541225,1801.71685
isolation_forest,train,2026-08-28 21:00:30+07:00,2026-08-28 21:19:00+07:00,2026-08-28 21:19:30+07:00,38,19.0,http_latency_ms,0.6464669789917642,173.85729736842103,20.856797368421052,0.14539473684210527,186.32818947368423,1850.6128710526314
isolation_forest,train,2026-08-28 21:20:30+07:00,2026-08-28 21:23:30+07:00,2026-08-28 21:24:00+07:00,7,3.5,http_latency_ms,0.614400717210044,169.27188571428573,21.733042857142856,0.0642857142857143,182.16135714285716,1756.2342857142855
isolation_forest,train,2026-08-28 21:27:30+07:00,2026-08-28 21:33:30+07:00,2026-08-28 21:34:00+07:00,13,6.5,http_latency_ms,0.6118452633311003,153.0346923076923,22.767523076923073,0.1673076923076923,165.43974615384616,1635.322753846154
isolation_forest,train,2026-08-28 21:35:00+07:00,2026-08-28 21:37:00+07:00,2026-08-28 21:37:30+07:00,5,2.5,http_latency_ms,0.6311568247887004,143.85891999999998,13.512840000000002,0.18000000000000002,155.3777,1514.1879199999998
isolation_forest,train,2026-08-29 07:09:00+07:00,2026-08-29 07:15:00+07:00,2026-08-29 07:15:30+07:00,13,6.5,http_latency_ms,0.6804266130342227,55.992492307692295,6.804953846153847,0.0,430.8693852564102,2517.7136615384616
isolation_forest,train,2026-08-29 15:08:30+07:00,2026-08-29 15:15:30+07:00,2026-08-29 15:16:00+07:00,15,7.5,http_latency_ms,0.7308019801719073,61.925,22.51102666666667,0.03333333333333333,76.57322,6203.9494466666665
isolation_forest,train,2026-08-29 15:25:00+07:00,2026-08-29 15:34:00+07:00,2026-08-29 15:34:30+07:00,19,9.5,jitter_ms,0.757644721765941,167.36095789473688,151.20872631578948,0.0,74.56185263157897,684.2186421052633
isolation_forest,train,2026-08-29 20:49:00+07:00,2026-08-29 20:51:30+07:00,2026-08-29 20:52:00+07:00,6,3.0,http_latency_ms,0.6235776502763944,155.24951666666666,14.358733333333332,0.1875,167.06288333333333,1686.4721833333333
isolation_forest,train,2026-08-29 20:54:00+07:00,2026-08-29 20:58:30+07:00,2026-08-29 20:59:00+07:00,10,5.0,http_latency_ms,0.6113335879607754,163.74439,27.281050000000004,0.12249999999999998,174.69468999999998,1768.14557
isolation_forest,train,2026-08-29 21:01:00+07:00,2026-08-29 21:17:30+07:00,2026-08-29 21:18:00+07:00,34,17.0,http_latency_ms,0.6388099402494679,173.80135588235294,25.720585294117644,0.11985294117647059,183.77185588235292,1846.227773529412
isolation_forest,train,2026-08-29 21:18:30+07:00,2026-08-29 21:25:30+07:00,2026-08-29 21:26:00+07:00,15,7.5,http_latency_ms,0.624517426789343,166.23168666666666,23.19344,0.17833333333333332,177.62472,1782.5291733333333
isolation_forest,train,2026-08-29 21:29:00+07:00,2026-08-29 21:32:30+07:00,2026-08-29 21:33:00+07:00,8,4.0,http_latency_ms,0.6289558070732523,146.5392,24.68975,0.18125,162.043275,1629.0033749999998
isolation_forest,train,2026-08-30 20:48:00+07:00,2026-08-30 20:50:00+07:00,2026-08-30 20:50:30+07:00,5,2.5,http_latency_ms,0.6103390625941865,158.38536000000002,15.810080000000003,0.125,166.63262,1676.6863400000002
isolation_forest,train,2026-08-30 20:56:00+07:00,2026-08-30 21:01:00+07:00,2026-08-30 21:01:30+07:00,11,5.5,http_latency_ms,0.6278809336127514,169.8320454545455,20.036745454545454,0.07045454545454545,177.5845,1804.842609090909
isolation_forest,train,2026-08-30 21:02:00+07:00,2026-08-30 21:13:30+07:00,2026-08-30 21:14:00+07:00,24,12.0,http_latency_ms,0.62667058043294,173.27262083333335,24.9834875,0.09375,184.36281666666665,1833.5590333333337
isolation_forest,train,2026-08-30 21:17:30+07:00,2026-08-30 21:18:30+07:00,2026-08-30 21:19:00+07:00,3,1.5,jitter_ms,0.6148354493740373,167.10856666666666,31.132133333333332,0.17499999999999996,176.5897,1818.4205666666667
isolation_forest,train,2026-08-30 21:20:00+07:00,2026-08-30 21:22:00+07:00,2026-08-30 21:22:30+07:00,5,2.5,http_latency_ms,0.6167647991089231,163.79046000000002,25.69112,0.16,172.47390000000001,1747.69508
isolation_forest,train,2026-08-30 21:23:00+07:00,2026-08-30 21:25:30+07:00,2026-08-30 21:26:00+07:00,6,3.0,http_latency_ms,0.6218714012651761,158.69463333333337,20.588816666666666,0.07083333333333333,169.03903333333335,1673.9902833333335
isolation_forest,train,2026-08-30 21:29:30+07:00,2026-08-30 21:37:00+07:00,2026-08-30 21:37:30+07:00,16,8.0,http_latency_ms,0.6348373575283415,138.95838125,23.58806875,0.2015625,152.82031875,1545.7573874999998
isolation_forest,train,2026-08-31 04:54:30+07:00,2026-08-31 04:59:00+07:00,2026-08-31 04:59:30+07:00,10,5.0,jitter_ms,0.7199147576787953,120.36499999999998,101.74998,0.0,57.76508,1380.1644199999998
isolation_forest,train,2026-08-31 05:05:00+07:00,2026-08-31 05:12:00+07:00,2026-08-31 05:12:30+07:00,15,7.5,jitter_ms,0.7268343541112213,137.23999999999998,187.74891333333332,0.0,50.86983333333333,501.85714
isolation_forest,train,2026-08-31 05:23:00+07:00,2026-08-31 05:34:00+07:00,2026-08-31 05:34:30+07:00,23,11.5,jitter_ms,0.7591841196920797,147.97391304347823,232.85066086956522,0.0,51.56180434782609,711.0512826086957
isolation_forest,train,2026-08-31 05:35:00+07:00,2026-08-31 05:39:00+07:00,2026-08-31 05:39:30+07:00,9,4.5,jitter_ms,0.6211819272873562,70.0,25.162888888888887,0.0,48.44565555555555,879.9160666666667
isolation_forest,train,2026-08-31 05:52:00+07:00,2026-08-31 06:01:00+07:00,2026-08-31 06:01:30+07:00,19,9.5,jitter_ms,0.7520269202439799,133.93552631578945,215.06495263157893,0.0,51.65421578947369,734.1071368421051
isolation_forest,train,2026-08-31 06:24:30+07:00,2026-08-31 06:59:00+07:00,2026-08-31 06:59:30+07:00,70,35.0,jitter_ms,0.7717207179892026,185.93285714285713,289.27905714285725,0.0,51.91138000000001,837.9734242857143
isolation_forest,train,2026-08-31 07:05:00+07:00,2026-08-31 07:13:30+07:00,2026-08-31 07:14:00+07:00,18,9.0,jitter_ms,0.7633044894637006,204.61111111111114,277.7462666666667,0.0,48.856300000000005,646.3456222222223
isolation_forest,train,2026-08-31 07:21:30+07:00,2026-08-31 07:26:00+07:00,2026-08-31 07:26:30+07:00,10,5.0,jitter_ms,0.6895792357605429,104.05499999999999,77.31335999999999,0.0,50.622040000000005,988.75449
isolation_forest,train,2026-08-31 07:34:30+07:00,2026-08-31 07:39:00+07:00,2026-08-31 07:39:30+07:00,10,5.0,jitter_ms,0.6561463526151661,102.24,64.91328999999999,0.0,51.51494,737.66763
isolation_forest,train,2026-08-31 07:40:30+07:00,2026-08-31 08:57:00+07:00,2026-08-31 08:57:30+07:00,154,77.0,jitter_ms,0.8251826580304059,223.62165187590185,327.99006911976915,0.022727272727272728,53.01464372294372,1991.2085509018752
isolation_forest,train,2026-08-31 08:58:00+07:00,2026-08-31 09:03:30+07:00,2026-08-31 09:04:00+07:00,12,6.0,jitter_ms,0.8009791907470395,188.23403333333337,299.875025,0.024999999999999998,51.2089,4021.057433333333
isolation_forest,train,2026-08-31 09:05:30+07:00,2026-08-31 09:21:30+07:00,2026-08-31 09:22:00+07:00,33,16.5,jitter_ms,0.8257411542384044,319.95153333333326,543.0677666666666,0.07878787878787878,225.2805060606061,11052.09825151515
isolation_forest,train,2026-08-31 20:28:00+07:00,2026-08-31 20:30:00+07:00,2026-08-31 20:30:30+07:00,5,2.5,http_latency_ms,0.6122442674001337,125.61214000000002,16.48478,0.24,132.40742,1316.0552999999993
isolation_forest,train,2026-08-31 20:56:00+07:00,2026-08-31 20:57:00+07:00,2026-08-31 20:57:30+07:00,3,1.5,http_latency_ms,0.6080510440458703,171.69449999999998,21.988100000000003,0.16666666666666666,184.11220000000003,1813.0708333333325
isolation_forest,train,2026-08-31 20:58:30+07:00,2026-08-31 21:28:30+07:00,2026-08-31 21:29:00+07:00,61,30.5,http_latency_ms,0.6730829423833905,174.51608852459015,26.700009836065572,0.15491803278688523,183.17606065573767,1803.109680327868
isolation_forest,train,2026-08-31 21:34:00+07:00,2026-08-31 21:35:00+07:00,2026-08-31 21:35:30+07:00,3,1.5,http_latency_ms,0.6075891659373429,145.29049999999998,18.952133333333332,0.17499999999999996,153.30780000000001,1531.7320666666662
isolation_forest,train,2026-08-31 21:37:00+07:00,2026-08-31 21:38:00+07:00,2026-08-31 21:38:30+07:00,3,1.5,http_latency_ms,0.6188449729826209,141.85693333333333,15.895066666666667,0.18333333333333335,147.82496666666665,1467.704966666666
isolation_forest,train,2026-09-01 20:50:00+07:00,2026-09-01 20:55:00+07:00,2026-09-01 20:55:30+07:00,11,5.5,http_latency_ms,0.621760634327631,172.05754545454545,24.73475454545455,0.11136363636363637,177.4609818181818,1766.617527272727
isolation_forest,train,2026-09-01 20:57:00+07:00,2026-09-01 20:58:00+07:00,2026-09-01 20:58:30+07:00,3,1.5,http_latency_ms,0.6075857565952032,172.47366666666667,23.43513333333333,0.075,183.55859999999998,1816.3101333333334
isolation_forest,train,2026-09-01 20:59:00+07:00,2026-09-01 21:17:00+07:00,2026-09-01 21:17:30+07:00,37,18.5,http_latency_ms,0.6776129561288583,174.9161378378378,21.73,0.19256756756756757,186.8965972972973,1859.5660621621619
isolation_forest,train,2026-09-01 21:18:00+07:00,2026-09-01 21:19:00+07:00,2026-09-01 21:19:30+07:00,3,1.5,http_latency_ms,0.6169468736542634,168.2787,19.9025,0.06666666666666667,181.60063333333332,1829.7876333333334
isolation_forest,test,2026-09-02 20:48:00+07:00,2026-09-02 20:53:30+07:00,2026-09-02 20:54:00+07:00,12,6.0,http_latency_ms,0.6291624642770834,167.32724166666665,23.177741666666666,0.19374999999999998,177.274525,1729.3807583333335
isolation_forest,test,2026-09-02 20:54:30+07:00,2026-09-02 21:22:30+07:00,2026-09-02 21:23:00+07:00,57,28.5,http_latency_ms,0.6766289337798467,174.08832105263156,23.95237192982456,0.16798245614035087,184.77279473684212,1857.1023052631579
isolation_forest,test,2026-09-02 21:37:00+07:00,2026-09-02 21:38:30+07:00,2026-09-02 21:39:00+07:00,4,2.0,http_latency_ms,0.6277643856856123,145.88695,13.236225000000001,0.1875,144.827475,1415.4328999999998
isolation_forest,test,2026-09-02 21:40:30+07:00,2026-09-02 21:42:00+07:00,2026-09-02 21:42:30+07:00,4,2.0,http_latency_ms,0.615172407475594,134.645425,16.861075,0.2,136.55225,1360.14425
isolation_forest,test,2026-09-03 20:51:00+07:00,2026-09-03 20:52:00+07:00,2026-09-03 20:52:30+07:00,3,1.5,http_latency_ms,0.6105105510842597,173.5527,18.812099999999997,0.16666666666666666,178.2712,1775.7721
isolation_forest,test,2026-09-03 20:57:30+07:00,2026-09-03 21:24:30+07:00,2026-09-03 21:25:00+07:00,55,27.5,http_latency_ms,0.6446852806910163,168.27635818181815,21.913674545454544,0.16636363636363638,184.66003818181824,1811.3399618181813
isolation_forest,test,2026-09-03 21:27:00+07:00,2026-09-03 21:29:00+07:00,2026-09-03 21:29:30+07:00,5,2.5,http_latency_ms,0.607354199076824,155.93806,18.05068,0.034999999999999996,162.77691999999996,1602.02758
isolation_forest,test,2026-09-04 20:51:00+07:00,2026-09-04 21:19:00+07:00,2026-09-04 21:19:30+07:00,57,28.5,http_latency_ms,0.6788536609609659,170.47850877192982,24.36376666666667,0.1456140350877193,185.38349824561405,1851.2189333333333
isolation_forest,test,2026-09-04 21:21:30+07:00,2026-09-04 21:25:00+07:00,2026-09-04 21:25:30+07:00,8,4.0,http_latency_ms,0.6152198627360351,161.32565,25.349975,0.078125,171.65985,1674.869825
isolation_forest,test,2026-09-04 21:26:00+07:00,2026-09-04 21:28:30+07:00,2026-09-04 21:29:00+07:00,6,3.0,jitter_ms,0.6128526077941088,153.08835,28.269350000000003,0.05833333333333333,165.82394999999997,1634.6011833333332
isolation_forest,test,2026-09-05 20:45:30+07:00,2026-09-05 20:50:30+07:00,2026-09-05 20:51:00+07:00,11,5.5,http_latency_ms,0.6274460200430856,157.52437272727272,16.20261818181818,0.19318181818181818,169.39962727272723,1668.8320272727274
isolation_forest,test,2026-09-05 20:59:00+07:00,2026-09-05 21:08:30+07:00,2026-09-05 21:09:00+07:00,20,10.0,http_latency_ms,0.6251386556651565,170.19102500000002,20.593655000000002,0.11875,182.63373499999997,1857.9302649999997
isolation_forest,test,2026-09-05 21:09:30+07:00,2026-09-05 21:16:30+07:00,2026-09-05 21:17:00+07:00,15,7.5,http_latency_ms,0.6315058611312373,164.1645666666667,17.743753333333334,0.20666666666666672,180.20657333333335,1822.3547199999998
isolation_forest,test,2026-09-05 21:17:30+07:00,2026-09-05 21:19:30+07:00,2026-09-05 21:20:00+07:00,5,2.5,http_latency_ms,0.6362542899400282,158.54458,22.9671,0.17500000000000002,172.56068,1769.3714800000002
isolation_forest,test,2026-09-05 21:24:30+07:00,2026-09-05 21:26:00+07:00,2026-09-05 21:26:30+07:00,4,2.0,http_latency_ms,0.6239089761498404,145.933875,19.22585,0.20625,159.59705,1612.7224
isolation_forest,test,2026-09-05 21:29:00+07:00,2026-09-05 21:30:00+07:00,2026-09-05 21:30:30+07:00,3,1.5,http_latency_ms,0.6173203328646738,144.56406666666666,16.366533333333333,0.18333333333333335,150.7293,1524.7299333333333
isolation_forest,test,2026-09-06 20:58:30+07:00,2026-09-06 21:11:30+07:00,2026-09-06 21:12:00+07:00,27,13.5,http_latency_ms,0.6528282679761239,173.92071851851853,23.87497407407407,0.17037037037037037,182.581162962963,1844.328537037037
isolation_forest,test,2026-09-06 21:13:30+07:00,2026-09-06 21:16:00+07:00,2026-09-06 21:16:30+07:00,6,3.0,http_latency_ms,0.6200873193626184,172.6070666666667,24.670783333333333,0.075,179.68123333333335,1791.2450333333334
isolation_forest,test,2026-09-07 20:44:00+07:00,2026-09-07 20:47:00+07:00,2026-09-07 20:47:30+07:00,7,3.5,http_latency_ms,0.6198468770991216,160.39532857142856,16.329642857142858,0.18214285714285713,171.66709999999998,1723.1934571428571
isolation_forest,test,2026-09-07 20:52:30+07:00,2026-09-07 21:18:00+07:00,2026-09-07 21:18:30+07:00,52,26.0,http_latency_ms,0.6675194432828416,173.83161346153844,24.40485576923077,0.1774038461538462,185.9301076923077,1833.3018288461537
isolation_forest,test,2026-09-07 21:19:00+07:00,2026-09-07 21:23:30+07:00,2026-09-07 21:24:00+07:00,10,5.0,http_latency_ms,0.6144160545132882,160.94897,23.37035,0.08750000000000001,171.54856,1720.1605000000004
